Feature,File,Light_Source,Wavelength,Intensity,Point_Type,Feature_Group,Processing,SNR,Feature_Key,Storage_Structure,Baseline_Used,Norm_Factor,Normalization_Method,Reference_Wavelength_Used,Symmetry_Ratio,Skew_Description,Width_nm,Normalization_Scheme,Reference_Wavelength,Intensity_Range_Min,Intensity_Range_Max,Output_Location
Baseline_Start,55BC1.txt,Halogen,299.46,0.04,Start,Baseline,Baseline_Then_Halogen_Normalized,13.4,Baseline_0,Consolidated_All_Light_Sources,0.04,4993.308965985579,halogen_650nm_50000_to_100,,,,,Halogen_650nm_50000_to_100,654.954,0.0,100.0,C:\Users\David\OneDrive\Desktop\gemini_gemological_analysis\data\structural_data
Baseline_End,55BC1.txt,Halogen,338.44,0.05,End,Baseline,Baseline_Then_Halogen_Normalized,13.4,Baseline_0,Consolidated_All_Light_Sources,0.04,4993.308965985579,halogen_650nm_50000_to_100,,,,,Halogen_650nm_50000_to_100,654.954,0.0,100.0,C:\Users\David\OneDrive\Desktop\gemini_gemological_analysis\data\structural_data
Mound_Start,55BC1.txt,Halogen,384.35,0.36,Start,Mound,Baseline_Then_Halogen_Normalized,,Mound_2,Consolidated_All_Light_Sources,0.04,4993.308965985579,halogen_650nm_50000_to_100,654.954,,,,Halogen_650nm_50000_to_100,654.954,0.0,100.0,C:\Users\David\OneDrive\Desktop\gemini_gemological_analysis\data\structural_data
Mound_Crest,55BC1.txt,Halogen,679.74,99.62,Crest,Mound,Baseline_Then_Halogen_Normalized,,Mound_2,Consolidated_All_Light_Sources,0.04,4993.308965985579,halogen_650nm_50000_to_100,654.954,,,,Halogen_650nm_50000_to_100,654.954,0.0,100.0,C:\Users\David\OneDrive\Desktop\gemini_gemological_analysis\data\structural_data
Mound_End,55BC1.txt,Halogen,972.53,0.25,End,Mound,Baseline_Then_Halogen_Normalized,,Mound_2,Consolidated_All_Light_Sources,0.04,4993.308965985579,halogen_650nm_50000_to_100,654.954,,,,Halogen_650nm_50000_to_100,654.954,0.0,100.0,C:\Users\David\OneDrive\Desktop\gemini_gemological_analysis\data\structural_data
Mound_Summary,55BC1.txt,Halogen,679.74,99.62,Summary,Mound,Baseline_Then_Halogen_Normalized,,Mound_2,Consolidated_All_Light_Sources,,,halogen_650nm_50000_to_100,,1.009,Symmetric,588.18,Halogen_650nm_50000_to_100,654.954,0.0,100.0,C:\Users\David\OneDrive\Desktop\gemini_gemological_analysis\data\structural_data
Plateau_Start,55BC1.txt,Halogen,570.59,59.53,Start,Plateau,Baseline_Then_Halogen_Normalized,,Plateau_6,Consolidated_All_Light_Sources,0.04,4993.308965985579,halogen_650nm_50000_to_100,654.954,,,,Halogen_650nm_50000_to_100,654.954,0.0,100.0,C:\Users\David\OneDrive\Desktop\gemini_gemological_analysis\data\structural_data
Plateau_Midpoint,55BC1.txt,Halogen,588.78,60.45,Midpoint,Plateau,Baseline_Then_Halogen_Normalized,,Plateau_6,Consolidated_All_Light_Sources,0.04,4993.308965985579,halogen_650nm_50000_to_100,654.954,,,,Halogen_650nm_50000_to_100,654.954,0.0,100.0,C:\Users\David\OneDrive\Desktop\gemini_gemological_analysis\data\structural_data
Plateau_End,55BC1.txt,Halogen,606.11,62.86,End,Plateau,Baseline_Then_Halogen_Normalized,,Plateau_6,Consolidated_All_Light_Sources,0.04,4993.308965985579,halogen_650nm_50000_to_100,654.954,,,,Halogen_650nm_50000_to_100,654.954,0.0,100.0,C:\Users\David\OneDrive\Desktop\gemini_gemological_analysis\data\structural_data
