Reference,Nat./Syn.,Spec.,Var.,Shape,Weight,Color,Type,Nitrogen,Hydrogen,Platelets,Fluorsence,Treatment,Origin,Cert,Note,MFG.,DQS,Expected_L_Features,L_Crest_FWHM,Expected_B_Features,Expected_U_Features
1,Nat.,Corundum,Ruby,Oval,,Red,,,,,,,Thai,,,,,,,nan,
2,Nat.,Corundum,Ruby,OvCab,,Red,,,,,,,Africa,,,,,,,nan,
3,Nat.,Corundum,Ruby,Oval,,Red,,,,,,Heated,Thai,,,,,,,nan,
4,Nat.,Beryl,Aquamarine,Oval,,gnBl,,,,,,None,,,,,,,,nan,
5,Nat.,Spinel,Red,Round,,Dk. Red,,,,,,,,,,,,,,nan,
6,Nat.,Corundum,Ruby,Oval,,Red,,,,,,,Thai,,,,,,,nan,
7,Nat.,Corundum,Ruby,Oval,,Red,,,,,,,Thai,,,,,,,nan,
8,Nat.,Corundum,Ruby,Oval,,Red,,,,,,,Thai,,,,,,,nan,
9,Nat.,Corundum,Ruby,Oval,,Red,,,,,,Heated,Thai,,,,,,,nan,
10,Nat.,Corundum,Ruby,Oval,,Red,,,,,,,,,,,,,,nan,
11,Nat.,Corundum,Ruby,Oval,,Red,,,,,,,Thai,,,,,,,nan,
12,Nat.,Corundum,Ruby,Oval,,Red,,,,,,,Thai,,,,,,,nan,
13,Nat.,Corundum,Ruby,Oval,,Red,,,,,,,Viet,,,,,,,nan,
14,Nat.,Quartz,Amethyst,Oval,,Purple,,,,,,,,,,,,,,nan,
15,Nat.,Beryl/Aqua,Aquamarine,Oval,,gnBl,,#SPILL!,,,,None,,,,,,,,nan,
16,Nat.,Corundum,Ruby ,,,,,,,,,Heated,Thai,,,,,,,nan,
17,Nat.,Corundum,Ruby ,Oval,,Red,,,,,,Heated,Thai,,,,,,,nan,
18,Nat.,Corundum,Brownish Orange Sapphire,Oval,,brOr,,,,,,Heated,Montana,,,,,,,nan,
19,Syn.,Spinel,Blue,Oval,,Blue,,,,,,,,,,,,,,nan,
20,Syn.(flux),Corundum,Orange Sapphire,Oval,,Orange,,,,,,,Chatham,,,,,,,nan,
21,Syn. (flux),Corundum,Orange Sapphire,Oval,,Orange,,,,,,,Chatham,,,,,,,nan,
22,Syn (flux),Corundum,Ruby,,,Red,,,,,,,Chatham,,,,,,,nan,
23,Syn (flux),Corundum,Ruby,Oval,,Red,,,,,,,Chatham,,,,,,,nan,
24,Syn.(flux),Corundum,Sapphire,Oval,,Blue,,,,,,,Chatham,,,,,,,nan,
25,Syn (flux),Corundum,Ruby,Oval,,Red,,,,,,,Chatham,,,,,,,nan,
26,Syn.(flux),Corundum,Sapphire,Oval,,Blue,,,,,,,Chatham,,,,,,,nan,
27,Nat.,Corundum,Ruby,SQ,1.57,Red,,,,,,,Burma,,,,,,,nan,
28,Nat.,Corundum,Sapphire,Pear,,brOr,,,,,,, ,,,,,,,nan,
29,Nat.,Corundum,Ruby,Round,,Red,,,,,,,,,,,,,,nan,
30,Nat.,Corundum,Ruby,Oval,,Red,,,,,,,Burma,,,,,,,nan,
31,Nat.,Corundum,Ruby,Cab.,,Red,,,,,,,Africa,,,,,,,nan,
32,Nat.,Corundum,Ruby,Oval,,Red,,,,,,,Vietnam,,,,,,,nan,
33,Nat.,Corundum,Pink Sapphire,Round,,Pink,,,,,,,,,,,,,,nan,
34,Nat.,Corundum,Ruby,Round,,Red,,,,,,,,,,,,,,nan,
35,Nat.,Corundum,Ruby,Round,,Red,,,,,,,Burma,,,,,,,nan,
36,Nat.,Corundum,Ruby,Oval,,Red,,,,,,Heated,Thai,,,,,,,nan,
37,Nat.,Corundum,Ruby,Oval,,Red,,,,,,Heated,Thai,,,,,,,nan,
38,Nat.,Corundum,Orange,Oval,,Orange,,,,,,,,,,,,,,nan,
39,Nat.,Corundum,Orangy Pink Sapphire,Oval,,Orangy  Pink,,,,,,,,,,,,,,nan,
40,Nat.,Labradaite,OrRd,Oval,,OrRd,,,,,,,Burma?, ,,,,,,nan,
41,Syn (flux),Corundum/Ruby,Ruby,Oval,,Red,,,,,,,,,Ramaura (flux),,,,,nan,
42,Syn (flux),Corundum/Ruby,Ruby,Emerald,,Red,,,,,,,,,Chatham(flux),,,,,nan,
43,Nat.,Spinel,Red,Rough,,Red,,,,,,,,,,,,,,nan,
44,Syn (FF),Corundum/Ruby,Ruby,Oval,,Red,,,,,,,,,,,,,,nan,
45,Nat.,Opal,White,OvCab,,White,,,,,,,,,,,,,,nan,
46,Nat.,Garnet,Pyrope,Triangle,,Red,,,,,,,,,,,,,,nan,
47,Nat.,Tourmaline,Rubilite,Triangle,,Red,,,,,,,,,,,,,,nan,
48,Syn.,Cubic Zirconia,Colorless,Pear,,Colorless,,,,,,,,,,,,,,nan,
49,Nat.,Halite,Blue,Pear,,sl.gnBl,,,,,,,,,,,,,,nan,
50,Nat.,Halite,Blue,Pear,,sl.gnBl,,,,,,,,,,,,,,nan,
51,Nat.,Beryl/Aqua,Aquamarine,Oval,,gnBl,,,,,,None,,,,,,,,nan,
52,Nat. ,Beryl/Aqua,Aquamarine,Oval,,gnBl,,,,,,None,,,,,,,,nan,
53,Nat. ,Beryl/Aqua,Aquamarine,Oval,,gnBl,,,,,,None,,,,,,,,nan,
54,Nat. ,Beryl/Aqua,Aquamarine,Oval,,gnBl,,,,,,None,,,,,,,,nan,
55,Nat.,Zoisite ,Tanzanite,Oval,,VBl,,,,,,,,,,,,,,nan,
56,Nat.,Iolite,Blue,Oval, ,Blue,,,,,,,,,,,,,,nan,
57,Nat.,Tourmaline,Green,SQ,,Green,,,,,,,,,,,,,,nan,
58,Nat.,Corundum,Brownish Orange Sapphire,Round,,BrownishOrange,,,,,,,,,,,,,,nan,
59,Nat.,Opal,Fire,Triangle,,Orange,,,,,,,,,,,,,,nan,
60,Syn ,Corundum/Orange  Sapphire,Orange  Sapphire,Pear,,Orange,,,,,,,,,Kyosera,,,,,nan,
61,Syn ,Corundum/Pink Star Sapphire, Pink Sapphire,Cab.,,Pink,,,,,,,,,Kyosera,,,,,nan,
62,Nat.,Zoisite/Tanzanite,Tanzanite,Oval,,VBl,,,,,,,,,,,,,,nan,
63,Nat.,Corundum,Sapphire,Rough,,Blue,,,,,,,,,,,,,,nan,
64,Nat.,Spinel,Red,Rough,,Red,,,,,,,,,,,,,,nan,
65,Nat.,Tourmaline,Indicolite,Rectangular,,Blue,,,,,,,,,,,,,,nan,
66,Nat.,Corundum,Sapphire,Round,,Blue,,,,,,,Tanzania,,,,,,,nan,
67,Nat.,Zoisite ,Tanzanite,Oval,,vBl,,,,,,,,,,,,,,nan,
68,Syn.(FF),Corundum,Sapphire,Emerald,,Blue,,,,,,,,,,,,,,nan,
69,Nat.,Beryl/Aqua,Aquamarine,Oval,,Blue,,,,,,,,,,,,,,nan,
70,Syn (FF),Corundum/Ruby,Ruby,Rectangular,,Red,,,,,,,,,,,,,,nan,
71,Syn.(FF),Corundum,Sapphire,Round,,Blue,,,,,,,,,,,,,,nan,
72,Syn.,Corundum/Purple Sapphire,Purple Sapphire,Heart,,Purple,,,,,,,,,,,,,,nan,
73,Syn.,Corundum,Purple Sapphire,Heart,,Purple,,,,,,,,,,,,,,nan,
74,Nat.,Spinel,Black,Round,,Black,,,,,,,,,,,,,,nan,
75,Nat.,Apatite,Blue-Green,Oval,,Blue-Green,,,,,,,,,,,,,,nan,
76,Syn (flux),Corundum/Ruby,Ruby,,,Red,,,,,,,,,,,,,,nan,
77,Syn.(FF),Corundum,Sapphire,Round,,Blue,,,,,,,,,,,,,,nan,
78,Syn (FF),Corundum/Ruby,Ruby,Triangle,,Red,,,,,,,,,,,,,,nan,
79,Nat.,Corundum,Brownish Orange,Oval,,Brownish Orange,,,,,,,,,,,,,,nan,
80,Nat.,Spinel,Red,Round,, Red,,,,,,,,,,,,,,nan,
81,Syn (FF),Corundum/Ruby,Ruby,Triangle,,Red,,,,,,,,,pair 607,,,,,nan,
82,Syn (FF),Corundum,Sapphire,Round,,Blue,,,,,,,,,pair 188,,,,,nan,
83,Syn.(FF),Corundum,Sapphire,Emerald,,Blue,,,,,,,,,Allanite,,,,,nan,
84,Syn (FF),Corundum,Ruby,Emerald,,Red,,,,,,,,,Allanite,,,,,nan,
85,Nat.,Quartz,Amethyst,Mq,,Purple,,,,,,,,,,,,,,nan,
86,Nat.,Quartz,Amethyst,SqB,,Purple,,,,,,,,,,,,,,nan,
87,Syn.,Spinel,Blue,Round,,Blue,,,,,,,,,,,,,,nan,
88,Nat.,Diaspore/Zultanite,Zultanite,Round,,,,,,,,,,,,,,,,nan,
89,Nat.,Andalusite,Yellowish Green,Pear,,yGn,,,,,,,,,,,,,,nan,
90,Nat.,Andalusite,Yellowish Green,Oval,,yGn,,,,,,,,,,,,,,nan,
91,Nat.,Andalusite,Orange,Oval,,Orange,,,,,,,,,,,,,,nan,
92,Nat.,Corundum,Brownish Orange Sapphire,Oval,,brOr,,,,,,,,,pair 614-616,,,,,nan,
93,Nat.,Topaz,Blue,Emerald,,Blue,,,,,,,,,,,,,,nan,
94,Syn (flux),Corundum/Ruby,Ruby,Oval,,Red,,,,,,,,,Kasham,,,,,nan,
95,Syn (flux),Corundum/Ruby,Ruby,Oval,,Red,,,,,,,,,Ramaura,,,,,nan,
96,Syn (Pulled),Corundum/Ruby,Ruby,Oval,,Red,,,,,,,,,Kyosara,,,,,nan,
97,Man-Made,Corundum/Ruby,Ruby Doublet,Oval,,Red,,,,,,Assembled,,,,,,,,nan,
98,Man-Made,Corundum/Ruby,Ruby Doublet,Oval,,Red,,,,,,Assembled,,,,,,,,nan,
99,Man-Made,Corundum/Ruby,Ruby Doublet,Oval,,Red,,,,,,Assembled,,,,,,,,nan,
100,Nat.,Corundum,Ruby,Oval,,Red,,,,,,,Thai,,,,,,,nan,
101,Nat.,Quartz,Blue CC ,Oval,,Blue,,,,,,Quench crackled,,,,,,,,nan,
102,Nat.,Tourmaline,Green (Cr),Oval,,Green,,,,,,,,,,,,,,nan,
103,Nat.,Tourmaline,Red-Green(watermelom),Emerald,,Red-Green,,,,,,,,,,,,,,nan,
104,Syn,Glass,Green,Triangle,,Green,,,,,,,Allanite,,,,,,,nan,
105,Nat.,Garnet,Rhodolite,Rough,,Purplish red,,,,,,,,,,,,,,nan,
106,Nat.,Garnet,Rhodolite,Rough,,Purplish red,,,,,,,,,,,,,,nan,
107,Nat.,Garnet,Rhodolite,Rough,,Purplish red,,,,,,,,,,,,,,nan,
108,Syn. ,Garnet,Green,Rough,,Green,,,,,,,Ramura,,,,,,,nan,
109,Syn.,Garnet,Green,OvCushion,,Green,,,,,,,,,,,,,,nan,
110,Nat.,Garnet,Green,Rough,,Green,,,,,,,,,,,,,,nan,
111,Syn.,Beryl/Emerald,Emerald,Oval,,Green,,,,,,,Kyosera,,,,,,,nan,
112,Syn.,Beryl/Emerald,Emerald,Emerald,,Green,,,,,,,Biron,,,,,,,nan,
113,Syn.,Beryl/Emerald,Emerald,Emerald,,Green,,,,,,,Gilson,,,,,,,nan,
114,Syn.,Beryl/Emerald,Emerald,Emerald,,Green,,,,,,,Gilson,,,,,,,nan,
115,Syn.,Beryl/Emerald,Emerald,Emerald,,Green,,,,,,,Gilson,,pair 601,,,,,nan,
116,Syn.,Beryl/Emerald,Emerald,Round,,Green,,,,,,,Regency,,,,,,,nan,
117,Man-made,Glass,Green,Oval,,Green,,,,,,,,,,,,,,nan,
118, Nat.,Beryl/Emerald,Emerald,SQ, ,Green, ,,,,, ,,,,,,,,nan,
119, Nat.,Beryl/Emerald,Emerald,Shield, ,Green, ,,,,, ,African,,,,,"716C, 686S",,nan,
120,Nat.,Beryl/Emerald,Emerald,SQ,,Green,,,,,,,Zambia,,,,,,,nan,
121,Nat.,Beryl/Emerald,Emerald,SQ,,Green,,,,,,,Madagas,,,,,,,nan,
122,Nat.,Beryl/Emerald,Emerald,emerald,,Green,,,,,,,,,,,,,,nan,
123,Syn.,Beryl/Emerald,Emerald,Round,,Green,,,,,,,Chatham,,,,,,,nan,
124,Syn.,Beryl/Emerald,Emerald,Emerald,,Green,,,,,,,Chatham,,,,,,,nan,
125,Syn.,Beryl/Emerald,Emerald,Oval,,Green,,,,,,,Chatham,,,,,,,nan,
126,Syn.,Beryl/Emerald,Emerald,Rough,,Green,,,,,,,Chatham,,,,,,,nan,
127,Syn.,Beryl/Emerald,Emerald,Round,,Green,,,,,,,Biron,,,,,,,nan,
128,Syn.,Beryl/Emerald,Emerald,Marquie,,Green,,,,,,, ,,,,,,,nan,
129,Syn.,Beryl/Emerald,Emerald,Emerald,,Green,,,,,,,Regency,,,,,,,nan,
130,Nat.,Garnet,Almandite,Oval,,Red,,,,,,,,,,,,,,nan,
131,Nat.,Quartz,Citrine,SQStep,,Orange,,,,,,,,,,,,,,nan,
132,Nat.,Corundum/Sapphire,Sapphire,SQ,,Blue,,,,,,,,,,,,,,nan,
133,Cultured ,Pearl,South Sea,Bead,,Golden,,,,,,None,,,Saltwater,,,,,nan,
134,Man-Made,Pearl, ,Bead,,Golden,,,,,,,,,,,,,,nan,
135,Cultured ,Pearl,South Sea,Bead,,Golden,,,,,,None,,,Saltwater,,,,,nan,
136,Man-Made,Pearl, ,Bead,,Golden,,,,,,,,,,,,,,nan,
137,Cultured ,Pearl,Black,Bead,,Black,,,,,,TC,,,Saltwater,,,,,nan,
138,Cultured ,Pearl,Blue,Bead,,Blue,,,,,,TC,,,Saltwater,,,,,nan,
139,Nat.,Garnet,Pyrope,Triangle,,Red,,,,,,,,,,,,,,nan,
140,Nat.,Diamond,  ,,0.492,,A>B,VH,VL,H,FT,,,,,,,"431P, 439P, 452P, 504P, 513P, 520P, 684C, 445V, 496V, 617V",,672P:51526:0,"365P, 404P, 408P, 435P, 546P, 577P, 579P, 696P, 707P, 738P, 751P, 763P, 772P, 794P, 801P, 811P"
141,Nat.,Quartz,Citrine,SQ,,br.Yellow,,,,,,,,,,,,,,nan,
142,Nat.,Quartz,Citrine,Oval,,Yellow,,,,,,,,,,,,,,nan,
143,Nat.,Corundum,Ruby,Round,,Red,,,,,,,,,,,,,,nan,
144,Nat.,Topaz,Blue,Oval,,Blue,,,,,,Irrad.,,,,,,,,nan,
145,Syn.,Cubic Zirconia,YOr,RBC,,YOr,,,,,,,,,,,,,,nan,
146,Nat.,Corundum,Orange Sapphire,Emerald,,Orange,,,,,,,,,,,,,,nan,
147,Nat.,Quartz,Amethyst,Oval,,Purple,,,,,,,,,,,,,,nan,
148,Nat. ,Beryl/Aqua,Aquamarine,Emerald,,gnBl,,,,,,None,,,,,,,,nan,
149,Syn.,Cubic Zirconia,Pink,RBC,,Pink,,,,,,,,,,,,,,nan,
150,Syn.,Cubic Zirconia,Green,RBC,,Green,,,,,,,,,,,,,,nan,
151,Nat.,Amber,Orange,Free Form,,Orange,,,,,,,,,,,,,,nan,
152,Nat.,Amber,Orange,Free Form,,Orange,,,,,,,,,,,,,,nan,
153,Nat.,Amber,Orange,Free Form,,Orange,,,,,,,,,,,,,,nan,
154,Nat.,Amber,Orange,Oval,,Orange,,,,,,,,,,,,,,nan,
155,Nat.,Amber,Orange,Free Form,,Orange,,,,,,,,,,,,,,nan,
156,Nat.,Kyanite,Blue,OvCab,,Blue,,,,,,,,,pair 619,,,,,nan,
157,Nat.,Kyanite,Blue,Bead,,Blue,,,,,,Stabilized,,,pair 620,,,,,nan,
158,Syn.,Quartz,Colorless,Sq Cushion,,Colorless,,,,,,,,,,,,,,nan,
159,Syn.,Quartz,Yellow,Bead,,Yellow,,,,,,,,,,,,,,nan,
160,Nat.,Corundum,Ruby,Oval,,Red,,,,,,?Be?,,,,,,,,nan,
161,Nat.,Apatite,Blue,Bead, ,Blue,,,,,,,,,pair 622,,,,,nan,
162,Nat.,Corundum,Yellow Sapphire,Oval,,Yellow,,,,,,,,,,,,,,nan,
163,Nat.,Corundum,Orange-Pink Sapphire,Heart,,Orange-Pink,,,,,,,,,,,,,,nan,
164,Nat.,Corundum,Yellow Sapphire,Heart,,Yellow,,,,,,,,,,,,,,nan,
165,Nat.,Prenite,Colorless,Rough,,Colorless,,,,,,,,,,,,,,nan,
166,Nat.,Quartzite,Green,Cab.,,Green,,,,,,Dyed,,,pair 618,,,,,nan,
167,Nat.,Quartzite,Yellow,Bead,,lt. Yellow,,,,,,Dyed,,,,,,,,nan,
168,Nat.,Labradorite,Colorless,Bead,,Colorless,,,,,,,,,pair 621,,,,,nan,
169,Nat.,Quartzite,Green,Round,,Green,,,,,,Dyed,,,,,,,,nan,
170,Syn.,Quartz,Yellow,Bead,,lt. Yellow,,,,,,,,,,,,,,nan,
171,Syn.,Imitation Turquoise,,Rough,,Blue,,,,,,,,,,,,,,nan,
172,Nat.,Diaspore/Zultanite,Zultanite,Oval,,Yellow,,,,,,,,,,,,,,nan,
173,Nat.,Topaz,Colorless,Bead,,Colorless,,,,,,,,,,,,,,nan,
174,Nat.,Amber,Orange,OvCab,,Orange,,,,,,,,,,,,,,nan,
175,Nat.,Jade/Nephrite,Green,Bead,,Green,,,,,,,,,pair 532,,,,,nan,
176,Nat.,Labradorite,,Cab,,Gray,,,,,,,,,,,,,,nan,
177,Nat.,Opal,Pink,MqCab,,Pink,,,,,,,,,,,,,,nan,
178,Syn.,Opal,Blue-Green,OvCab,,Blue-Green,,,,,,,Gilson,,,,,,,nan,
179,Man-made,Opal,White,Tab.,,,,,,,,,,,,,,,,nan,
180,Man-made,Corundum,Sapphire,Oval Doublet,,Blue,,,,,,Doublet,,,,,,,,nan,
181,Nat.,Opal,Fire,MQ,,Orange,,,,,,,,,,,,,,nan,
182,Nat.,Beryl/Emerald,Emerald,Round,,Green,,,,,,,Sandawana,,,,,,,nan,
183,Nat.,Zoisite/Tanzanite,Tanzanite,Oval,,vBl,,,,,,,,,,,,,,nan,
184,Nat.,Zoisite ,Tanzanite,Oval,,VBl,,,,,,,,,,,,,,nan,
185,Nat.,Corundum,Sapphire,Oval,,Blue,,,,,,,,,,,,,,nan,
186,Nat.,Corundum,Sapphire,Oval,,Blue,,,,,,,Thai,,Mag.,,,,,nan,
187,Nat.,Corundum,Pink Sapphire,Oval,,Pink,,,,,,,,,,,,,,nan,
188,Syn (FF),Corundum,Sapphire,Round,,Blue,,,,,,,,,pair 82, ,,,,nan,
189,Syn (CVD),Diamond,,RBC,0.237,,2A,,,,,HEATED,CVD,LGG1002403,CVD-LA,PureGrown,,,,nan,
190,Syn (CVD),Diamond,,RBC,0.135,,2A,,,,PHOSPHO,HEATED,CVD,,,PureGrown,,,,nan,
191,Nat.,Diamond,,RBC,0.168,,AB,VH,NO,L,N,,None,,,,,,,nan,
192,Nat.,Diamond,,RBC,0.199,,AB,VH,NO,M,N,,None,,,,,,,nan,
193,Nat.,Diamond,,RBC,0.193,,A>>B,L ,VL,VL,SB,,None,,,,,,,nan,
194,Nat.,Diamond,,RBC,0.173, ,AB,H,VL,M,FTY,,None,,,,,,,nan,
195,Nat.,Diamond,,RBC,0.179,,AB,VH,NO,M,N,,None,,,,,,,nan,
196,Nat.,Diamond,,RBC,0.716,Colorless,A=B,VH,VL,VH,SB,,None,,,,,,,nan,
197,Nat.,Diamond,,RBC,0.481,,B>>A,M,VL,M,SB,,None,,,,,,,nan,
198,Syn.,Turquise,Blue,OvCab,,lt.Blue,,,,,,,,,,,,,,nan,
199,Nat.,Diamond,,RBC,0.145,Colorless,A>B,H,VL,L,,,None,,,,,,,nan,
200,Nat.,Diamond,,RBC,0.36,Colorless,2A,,,,,,None,,,,,,,nan,
201,Nat.,Zoisite/Tanzanite,Tanzanite,Oval,,bV,,,,,,Heated,,,,,,,,nan,
202,Nat.,Zoisite ,Tanzanite,Oval,,VBl,,,,,,Heated,,,,,,,,nan,
203,Nat.,Beryl/Emerald,Emerald,Oval,,Green,,,,,,,Zambia,,,,,,,nan,
204,Nat.,Diamond,,RBC,0.484,Colorless,B>A,M,VL,H,MB,,,,,,,,,nan,
205,Culture,Pearl,Golden,bead,,Golden,,,,,,TC,South Sea,, ,,,,,nan,
206,Culture,Pearl,Golden,bead,,Golden,,,,,,TC,South Sea,,,,,,,nan,
207,Nat.,Corundum,Ruby,Round,,Red,,,,,,,Mozam,,Gemfield,,,,,nan,
208,Nat.,Corundum,Ruby,Round,,Red,,,,,,,Mozam,,Gemfield,,,,,nan,
209,Syn.,Moissanite,Colorless,RBC,,Colorless,,,,,,,,,,,,,,nan,
210,Syn.,Cobic Zirconia,Colorless,RBC,,Colorless,,,,,,,,,,,,,,nan,
211,Syn.,Cubic Zirconia,Colorless,RBC,,Colorless,,,,,,,,,,,,,,nan,
212,Syn.,Garnet,YAG,RBC,,Colorless,,,,,,,,,,,,,,nan,
213,Nat.,Diamond,,RBC,0.177,,A>B,VH,N,L,,,,,,,,,,nan,
214,Nat.,Diamond,,RBC,0.458,,B>A,M,L,M,SB,,,,,,,,,nan,
215,Syn.,Turquise,Blue,OvCab,,lt.Blue,,,,,,,,,,,,,,nan,
216,Nat.,Corundum,Sapphire,RBC,,,,,,,,Heated,,,,,,,,nan,
217,Nat.,Diamond,,RBC,0.165,,A>B,VH,L,L,,,,,,,,,,nan,
218,Nat.,Diamond,,RBC,0.177,,A=B,VH,N,H,N,,,,,,,"431P, 439P, 452P, 862P, 444V",,"415T, 672C","365P, 404P, 408P, 436P, 546P, 577P, 579P, 696P, 707P, 730P, 738P, 751P, 763P, 772P, 795P, 801P, 811P, 840P, 842P, 871P, 912P, 923P"
219,Nat.,Diamond,,RBC,0.004,,B>A,VL,L,,,,,,,,,,,nan,
220,Nat.,Quartz,Citrine,Sq,,Yellow,,,,,,,,,,,,,,nan,
221,Nat.,Quartz,Citrine,Sq,,Yellow,,,,,,,,,,,,,,nan,
222,Nat.,Quartz,Citrine,Sq,,Yellow,,,,,,,,,,,,,,nan,
223,Syn (CVD),Diamond,,RBC,0.13,Colorless,2a,,,,,,,,,Puregrown,StgwGn,,,nan,
224,Nat.,Diamond,,RBC,0.283,"FIB, TC",AB,VH,VL,VH,N,IRRAD,,,,,,,,nan,
225,Syn.,Spinel,Blue,Round,,Blue,,,,,,,,,,,,,,nan,
226,Nat.,Beryl/Emerald,Emerald,Round,,Green,,,,,,oil,Zambian,,,,,,,nan,
227,Syn.,Cubic Zirconia,Yellow,RBC,,Yellow,,,,,,,,,,,,,,nan,
228,Syn.,Quartz,Amethyst,Bead,,Purple,,,,,,,,,,,,,,nan,
229,Syn.,Cubic Zirconia,Purple,RBC,,Purple,,,,,,,,,,,,,,nan,
230,Man-made,Glass,Blue,Cube,,Blue,,,,,,,,,,,,,,nan,
231,Syn.,Cubic Zirconia,Blue,RBC,,Blue,,,,,,,,,,,,,,nan,
232,Syn.,Cubic Zirconia,Yellow,RBC,,Yellow,,,,,,,,,,,,,,nan,
233,Syn.,Cubic Zirconia,Orange,RBC,,Orange,,,,,,,,,,,,,,nan,
234,Syn.,Cubic Zirconia,v.OrRd,RBC,,v.OrRd,,,,,,,,,,,,,,nan,
235,Syn.,Cubic Zirconia,Yellow,RBC,,Yellow,,,,,,,,,,,,,,nan,
236,Culture,Pearl,White,Bead,,White,,,,,,None,,,Saltwater,,,,,nan,
237,Man-Made,Pearl, ,Bead,,White,,,,,,,,,,,,,,nan,
238,Syn.,Cubic Zirconia,v.OrRd,RBC,,v.OrRd,,,,,,,,,,,,,,nan,
239,Culture,Pearl,Yellow,Bead,,Yellow,,,,,,None,,,Saltwater,,,,,nan,
240,Culture,Pearl,Grey,Bead,,Grey,,,,,,None,,,Saltwater,,,,,nan,
241,Syn.,Cubic Zirconia,Yellow,RBC,,Yellow,,,,,,,,,,,,,,nan,
242,Nat.,Corundum/Ruby,Ruby,Oval,,Red,,,,,,Heat,Mozambique,,Gemfield,,,,,nan,
243,Nat.,Garnet,Tsavorite,Cushion,,Green,,,,,,,,,,,,,,nan,
244,Nat.,Garnet,Tsavorite,Round,,Green,,,,,,,,,,,,,,nan,
245,Nat.,Garnet,Spessartite,Oval,,Dk Orange,,,,,,,,,,,,,,nan,
246,Nat.,Garnet,Spessartite,Oval,, Orange,,,,,,,,,,,,,,nan,
247,Nat.,Garnet,Spessartite,Oval,, Orange,,,,,,,,,,,,,,nan,
248,Nat.,Corundum/Ruby,Ruby,Round,,Red,,,,,,Heated,Burma,,,,,,,nan,
249,Nat.,Beryl,Emerald,Round,,Green,,,,,,,Africa,,,,,,,nan,
250,Nat.,Beryl/Emerald,Emerald,Oval,,Green,,,,,,,,,,,,,,nan,
251,Nat./Syn.,Corundum,Orange Sapphire,Oval,,Orange,,,,,,,,,,,,,,nan,
252,Nat.,Corundum,Green Sapphire,Oval,,Green,,,,,,Heated,,,,,,,,nan,
253,Nat.,Corundum/Sapphire,Sapphire,Oval,,lt. Blue,,,,,,Heated,Sri Lanka,,,,,,,nan,
254,Cultured,Pearl,White,Bead,,White,,,,,,,,,Saltwater,,,,,nan,
255,Cultured,Pearl,White,Bead,,White,,,,,,,,,Saltwater,,,,,nan,
256,Cultured,Pearl,White,Bead,,White,,,,,,,,,Saltwater,,,,,nan,
257,Cultured,Pearl,White,Bead,,White,,,,,,,,,Saltwater,,,,,nan,
258,Cultured,Pearl,White,Bead,,White,,,,,,,,,Saltwater,,,,,nan,
259,Cultured,Pearl,White,Bead,,White,,,,,,,,,Saltwater,,,,,nan,
260,Cultured,Pearl,White,Bead,,White,,,,,,None,,,Saltwater,,,,,nan,
261,Syn.,Corundum,Star Sapphire,RdCab,,Blue,,,,,,,,,,,,,,nan,
262,Syn. (FF),Corundum/Ruby,Ruby,SQ,,Red,,,,,,,,,,,,,,nan,
263,Cultured,Pearl,Blue,Bead,,Blue,,,,,,TC,,Gia2205519545,Saltwater,,,,,nan,
264,Cultured,Pearl,Blue,Bead,,Blue,,,,,,TC,,,Saltwater,,,,,nan,
265,Cultured,Pearl,Grey,Bead,,Grey,,,,,,,,,Saltwater,,,,,nan,
266,Nat. ,Garnet,Rhodolite,Oval,,Purpish red,,,,,,,,,,,,,,nan,
267,Nat.,Garnet,Rhodolite,Oval,,Reddish Purple,,,,,,,,,,,,,,nan,
268,Nat.,Topaz,Pink,Oval,,V.Lt Pink,,,,,,,,,,,,,,nan,
269,Syn.,Cubic Zirconia,Colorless,RBC,,Colorless,,,,,,,,,coated?,,,,,nan,
270,Syn.,Garnet,YAG,RBC,,Colorless,,,,,,,,,,,,,,nan,
271,Nat.,Diamond,,,0.005,Colorless,,,,,,,,,741 nm,,,,,nan,
272,Nat.,Quartz,Citrine,Round,,Yellow,,,,,,,,,,,,,,nan,
273,Nat.,Quartz,Adventurine,Round,,Green,,,,,,,,,,,,,,nan,
274,Syn.,Cubic Zirconia,Colorless,RBC,,Colorless,,,,,,,,,coated?,,,,,nan,
275,Syn. (FF),Corundum,Sapphire,Oval,,Blue,,,,,,,,,,,,,,nan,
276,Nat.,Quartzite,Colorless,Carving,,Colorless,,,,,,,,,,,,,,nan,
277,Nat.,Quartzite,Colorless,Carving,,Colorless,,,,,,,,,,,,,,nan,
278,Nat.,Quartzite,Green,Carving,,Green,,,,,,Dyed,,,,,,,,nan,
279,Syn ,Spinel,Blue,Round,,Blue,,,,,,,,,,,,,,nan,
280,Syn.,Garnet,YAG,RBC,,Colorless,,,,,,,,,,,,,,nan,
281,Nat.,Quartz,Chaldony,Round,,Colorless,,,,,,,,,,,,,,nan,
282,Nat.,Quartz,Rose,Round,,v. lt Pink,,,,,,,,,,,,,,nan,
283,Nat.,Quartz,Rutile,Round,,Colorless,,,,,,,,,,,,,,nan,
284,Nat.,Tourmaline,Near Clolrless,Round,,Near Colorless,,,,,,,,,,,,,,nan,
285,Nat.,Garnet,Grossularite,Oval,,Colorless,,,,,,,,,,,,,,nan,
286,Syn.,Cubic Zirconia,Colorless,RBC,,Colorless,,,,,,,,,coated?,,,,,nan,
287,Syn.,Cubic Zirconia,Colorless,RBC,,Colorless,,,,,,,,,,,,,,nan,
288,Syn.,YAG,Green,Round,,Green,,,,,,,,,,,,,,nan,
289,Nat.,Diamond,,RBC,,Colorless,AB,,,X, ,,,,,,,,,nan,
290,Nat.,Quartz,Amethyst,Mq,,Purple,,,,,,,,,,,,,,nan,
291,Man-made,Glass,Lt Blue,Bead,,Lt. Blue,,,,,,,,,,,,,,nan,
292,Man-made,Glass,Dp. Green,Bead,,Dp.Green,,,,,,,,,,,,,,nan,
293,Man-made,Glass,Dp. Green,Cube,,Dp.Green,,,,,,,,,,,,,,nan,
294,Cultured(TC),Pearl,Black,Bead,,Black,,,,,,TC,,,Saltwater,,,,,nan,
295,Cultured(TC),Pearl,Black,Bead,,Black,,,,,,TC,,,Saltwater,,,,,nan,
296,Cultured(TC),Pearl,Black,Bead,,Black,,,,,,TC,,,Saltwater,,,,,nan,
297,Cultured(TC),Pearl,Black,Bead,,Black,,,,,,TC,,,Saltwater,,,,,nan,
298,Nat.,Diamond,,RBC,,Colorless,A,VH,VH,,,,,,AMS-NON DIA,,,,,nan,
299,Nat.,Diamond,,RBC,0.047,Colorless,A,VL,VL,NONE,,NONE,,,AMS-REFER,,,,,nan,
300,Syn.,Cubic Zirconia,Purple,RBC,,Purple,,,,,,,,,,,,,,nan,
301,Nat.,Turquoise,Blue,Oval Cab,,,,,,,,inpregnated,,Gia12569068,,,,,,nan,
302,Cultured(TC),Pearl,Blue,Bead,,Blue,,,,,,TC,,,Saltwater,,,,,nan,
303,,,,,,,,,,,,,,,,,,,,nan,
304,Nat.,Opal,White,Free Form,,White,,,,,,,,,,,,,,nan,
305,Man-made,Garnet/Glass(Doublet),Green,Round,,Green,,,,,,Doublet,,,,,,,,nan,
306,Syn,,Cat eye,Oval,,Blue-white,,,,,,,,,,,,,,nan,
307,Nat.,Colastrolite,Green,PrCab,,Green,,,,,,None,"Isle Royal,MI",,,,,,,nan,
308,man-made,Glass,Colorless,Round,,,,,,,,,,,foil backed,,,,,nan,
309,Nat.,Opal (plastic coated),Black,TriCab,,Black,,,,,,Plastic coated,,,,,,,,nan,
310,Nat.,Enstatite,Cat's eye,RdCab.,,Black,,,,,,,,,Cat's eye,,,,,nan,
311,Syn.,Opal,Black,OvCab,,Black,,,,,,,,,,,,,,nan,
312,Man-made,Pearl (imitation),Golden,Bead,,Golden,,,,,,,,,Imitation,,,,,nan,
313,Man-made,Pearl (imitation),White,Bead,,White,,,,,,,,,Imitation,,,,,nan,
314,Man-made,Pearl (imitation),White,Bead,,White,,,,,,,,,Imitation,,,,,nan,
315,,,,,,,,,,,,,,,,,,,,nan,
316,,,,,,,,,,,,,,,,,,,,nan,
317,Nat.,Turquise,Blue,SqCab,,Blue,,,,,,,,,,,,,,nan,
318,Nat.,Corundum,Ruby,Rough,,Purplish red,,,,,,,Thai,,,,,,,nan,
319,Syn.,Spinel,Blue,Round,,Blue,,,,,,,,,,,,,,nan,
320,Syn.,Cubic Zirconia,Colorless,SQ,,Colorless,,,,,,,,,,,,,,nan,
321,Nat.,Garnet,Rhodolite,Rough,,Purplish red,,,,,,,,,,,,,,nan,
322,Nat.,Beryl/Emerald,Emerald,SQ,,Green,,,,,,, ,, ,,,,,nan,
323,Nat.,Beryl/Emerald,Emerald,SQ,,Green,,,,,,,African?,,,,,,,nan,
324,Syn.,Cubic Zirconia,,RBC,,Colorless,,,,,,,,,,,,,,nan,
325,Nat.,Jade/Nephrite,Nephrite,OvCab,,Green,,,,,,,,,,,,,,nan,
326,,,,,,,,,,,,,,,,,,,,nan,
327,,,,,,,,,,,,,,,,,,,,nan,
328,Nat, Pyargyeite,,,,matelic/red,,,,,,,,,,,,,,nan,
329,Man-made,Glass,Brown,Rough,,Brown,,,,,,,,,,,,,,nan,
330,Nat.,Opal,Blue-Green,OvCab,,Blue-Green,,,,,,,,,,,,,,nan,
331,Syn.,Cubic Zirconia,Red,RBC,,Red,,,,,,Coated,,,,,,,,nan,
332,,,,,,,,,,,,,,,,,,,,nan,
333,Nat.,Quartz,Amethyst,SqB,,Purple,,,,,,,,,,,,,,nan,
334,Nat.,Quartz,Amethyst,SqB,,Purple,,,,,,,,,,,,,,nan,
335,Nat.,Quartz,Amethyst,SqMB,,Purple,,,,,,,,,,,,,,nan,
336,Nat.,Quartz,Amethyst,SqB,,Purple,,,,,,,,,,,,,,nan,
337,Nat.,Topaz,Colorless,Bead,,Colorless,,,,,,,,,,,,,,nan,
338,Nat.,Peridot,Green,Bead,,Green,,,,,,,,,,,,,,nan,
339,Nat.,Quartz,Citrine,Bead,,Yellow,,,,,,,,,,,,,,nan,
340,Nat.,Garnet,Spessartite,Beads,,Dk. Orange,,,,,,,,,,,,,,nan,
341,Nat.,Quartz,Grey,Bead,,Grey,,,,,,,,,,,,,,nan,
342,Syn.,Cubic Zirconia,Colorless,RBC,,Colorless,,,,,,,,,,,,,,nan,
343,,,,,,,,,,,,,,,,,,,,nan,
344,,,,,,,,,,,,,,,,,,,,nan,
345,Nat.,Garnet,Almandite,Oval,,Red,,,,,,,,,,,,,,nan,
346,,,,,,,,,,,,,,,,,,,,nan,
347,Nat.,Quartz,Amethyst,SqB,,Purple,,,,,,,,,,,,,,nan,
348,Man-made,Garnet,YAG,RBC,1.5,Colorless,,,,,,,,,,,,,,nan,
349,Nat.,Garnet,Pyrope-Almandite,Pear,,Red,,,,,,,,,,,,,,nan,
350,Man-made,Glass,Yellow,Cube,,Yellow,,,,,,,,,,,,,,nan,
351,Nat.,Diamond,,RBC,,G,B>A,,x,x,,,,GIA 11858088,,,,,,nan,
352,Nat.,Diamond,,RBC,0.199,,A=B,VH,NONE,M,,NONE,,,,,,,,nan,
353,Nat.,Garnet,Pyrope ,Triangle,,Red,,,,,,,,,,,,,,nan,
354,Nat.,Beryl,Aquamarine,Round,,lt.Blue,,,,,,,,,,,,,,nan,
355,Nat.,Garnet,Rhodolite,Triangle,,Red,,,,,,,,,xrf1,,,,,nan,
356,Nat.,Garnet,Rhodolite,Triangle,,Red,,,,,,,,,xrf2,,,,,nan,
357,Nat.,Diamond,,RBC,,,AB,,,,,,,,,,,,,nan,
358,Nat.,Diamond,,RBC,,,A,,,x,,,,,,,,,,nan,
359,Nat.,Diamond,,RBC,0.172,,A>B,VH,NONE,M,,NONE,,,,,,,,nan,
360,Nat.,Garnet,Rhodolite,Triangle,,Red, , , , ,, ,,,xrf3,,,,,nan,
361,Nat.,Diamond,,RBC,0.7,Colorless,AB,,,x,,,,,,,,,,nan,
362,Nat.,Diamond,,RBC,0.494,,B>A,,x,x,SB,,,,,,,,,nan,
363,Nat.,Diamond,,RBC,,Colorless,B>A,,x,x,SB,,,,cvd-LA,,,,,nan,
364,Nat.,Diamond,,RBC,0.201,Colorless,A=B,VH,NONE,VH,SB,NONE,,,,,,,,nan,
365,Syn.,Cubic Zirconia,Colorless,RBC,,Colorless,,,,,,,,,,,,,,nan,
366,Nat.,Corundum,Ruby,Round,,Red,,,,,,,Mozam,,Gemfield,,,,,nan,
367,Nat.,Corundum,Ruby,Round,,Red,,,,,,,Mozam,,Gemfield,,,,,nan,
368,Nat.,Garnet,Rhodolite,Triangle,,Red,,,,,,,,,xrf4,,,,,nan,
369,Syn. ,Moissanite,Green,SQ,1.32,Green,,,,,,,,,,,,,,nan,
370,Nat.,Garnet,Rhodolite,Triangle,,Red,,,,,,,,,xrf5,,,,,nan,
371,Nat.,Diamond,,RBC,0.502,,A>>B,VH,NONE,VL,,NONE,,,,,,,,nan,
372,Nat.,Diamond,,RBC,,FVY,A=B,,,,,TC (HPHT),,,,,,,,nan,
373,Nat.,Garnet,Rhodolite,Rough,,Purplish red,,,,,,,,,,,,,,nan,
374,Nat.,Garnet,Rhodolite,Rough,,Purplish red, , , , ,, ,,,,,,,,nan,
375,Man-made,Pearl,Mother of Pearl,Button,,White,,,,,,,,,Immitation,,,,,nan,
376,Cultured,Pearl,White,Bead,,White,,,,,,None,,,Freshwater,,,,,nan,
377,Cultured,Pearl,White,Bead,,White,,,,,,None,,,Freshwater,,,,,nan,
378,Cultured,Pearl,White,Bead,,White,,,,,,None,,,Freshwater,,,,,nan,
379,Man-made,Pearl,White,Bead,,White,,,,,,,,,Imitation,,,,,nan,
380,Man-made,Pearl,White,Bead,,White,,,,,,,,,Imitation,,,,,nan,
381,,,,,,,,,,,,,,,,,,,,nan,
382,,,,,,,,,,,,,,,,,,,,nan,
383,,,,,,,,,,,,,,,,,,,,nan,
384,,,,,,,,,,,,,,,,,,,,nan,
385,,,,,,,,,,,,,,,,,,,,nan,
386,,,,,,,,,,,,,,,,,,,,nan,
387,,,,,,,,,,,,,,,,,,,,nan,
388,Nat.,Beryl/AquaAquamarineRough,,,,vlt. Blue,,,,,,,,,,,,,,nan,
389,Man-made,Glass,Dk Blue,shield,,Dk. Blue,,,,,,,,,,,,,,nan,
390,Nat.,Tourmaline,Blue-Green (Paribia),Round,,Blue-Green,,,,,,,Brazil,,,,,,,nan,
391,Nat.,Diamond,Blue,,,Blue,A>>B,,,,,TC (Irrad.),,,,,,,,nan,
392,Nat.,Tourmaline,Blue-Green (Paribia),Round,,Blue-Green,,,,,,,Brazil,,,,,,,nan,
393,Nat.,Tourmaline,Blue-Green (Paribia),Round,,Blue-Green,,,,,,,Brazil,,,,,,,nan,
394,Nat.,Tourmaline,Blue-Green (Paribia),Round,,Blue-Green,,,,,,,Brazil,,,,,,,nan,
395,Man-made,Glass,Md Blue,Cube,,Md. Blue,,,,,,,,,,,,,,nan,
396,Man-made,Glass,Yellow,Cube,,Yellow,,,,,,,,,,,,,,nan,
397,Man-made,Glass,Dk Blue,Cube,,Dk. Blue,,,,,,,,,,,,,,nan,
398,Man-made,Glass,Md Red,Cube,,Md. Red,,,,,,,,,,,,,,nan,
399,Man-made,Glass,Dk Blue,Bead,,Dk. Blue,,,,,,,,,,,,,,nan,
400,Man-made,Glass,Lt Blue,Bead,,Lt. Blue,,,,,,,,,,,,,,nan,
401,Man-made,Glass,Dk Blue,Bead,,Dk. Blue,,,,,,,,,,,,,,nan,
402,Man-made,Glass,Md Red,Bead,,Md. Red,,,,,,,,,,,,,,nan,
403,Man-made,Glass,Md Or,Bead,,Md. Or,,,,,,,,,,,,,,nan,
404,Man-made ,Glass,Md. Green,Bead,,Md. Green,,,,,,,,,,,,,,nan,
405,Man-made,Glass,Dk Purple,Cube,,Dk. Purple,,,,,,,,,,,,,,nan,
406,Man-made ,Glass,lt. Gray,Bead,,lt. Gray,,,,,,,,,,,,,,nan,
407,Man-made ,Glass,v.Dk Red,Bead,,v.DkRed,,,,,,,,,,,,,,nan,
408,Man-made,Glass, Md. Blue,Bead,,Md. Blue,,,,,,,,,,,,,,nan,
409,Man-made ,Glass,Md. Green,Bead,,Md.Green,,,,,,,,,,,,,,nan,
410,Man-made ,Glass,Dk. Green,Bead,,Dk.Green,,,,,,,,,,,,,,nan,
411,Nat. ,Peridot,blGn,Round,,blGn,,,,,,,,,,,,,,nan,
412,Nat.,Diamond,,RBC,0.172,Colorless,A=B,VH,NONE,VL,,NONE,,,,,,,,nan,
413,Nat.,Diamond,,RBC,0.181,Colorless,A>B,VH,NONE,M,SB,NONE,,,,,,,,nan,
414,Nat.,Diamond,,RBC,,Colorless,A+B,,,,SB,NONE,,,,,,,,nan,
415,Nat.,Diamond,,RBC,,,B>A,M,L,M,,NONE,,,,,,,,nan,
416,Nat.,Diamond,,RBC,,Colorless,A>>B,L,NONE,VL,,NONE,,,,,,,,nan,
417,Nat. ,Diamond,,RBC,,,,,,,,NONE,,,,,,,,nan,
418,Nat.,Diamond,,Rough,,,,,,,,,,,,,,,,nan,
419,Nat.,Amber,Orange,Free Form `,,Orange,,,,,,,,,,,,,,nan,
420,,,,,,,,,,,,,,,,,,,,nan,
421,Nat.,Corundum, Sapphire,Oval,,Blue,,,,,,,,,Anadi,,,,,nan,
422,Syn.,,Cat eye,,,Blue-white,,,,,,,,,,,,,,nan,
423,Nat.,Corundum,Orange Sapphire,Oval,,Orange,,,,,,,,,,,,,,nan,
424,Nat.,Corundum,Yellow Sapphire,Round,,Yellow,,,,,,,,,,,,,,nan,
425,Nat.,Quartz,Gray,Round,,Gray,,,,,,,,,,,,,,nan,
426,,,,,,,,,,,,,,,,,,,,nan,
427,Nat/Syn,Coral,Pink,OvCab,,Pink,,,,,,,,,,,,,,nan,
428,Nat.,Beryl/Emerald,Emerald,Oval,,Green,,,,,,,,,,,,,,nan,
429,,,,,,,,,,,,,,,,,,,,nan,
430,Syn.,Beryl/Emerald,Emerald,Round,,Green,,,,,,,Kimberly,,pair 603-606,,,,,nan,
431,Nat.,Beryl/Emerald,Emerald,Oval,,Green,,,,,,,,,,,,,,nan,
432,Nat.,Diamond,,RBC,0.25,J,,,,,,,,Gia 2145832502,I1,,,,,nan,
433,Nat.,Topaz,Blue,Oval,6.5,Blue,,,,,,Irrad.,,2-322-5580,,,,,,nan,
434,Nat.,Quartz,Citrine,Bead,,Yellow,,,,,,,,,,,,,,nan,
435,Nat.,Topaz,Blue,Cushion,,Blue,,,,,,Irrad.,,,,,,,,nan,
436,Nat.,Topaz,Blue,SQCushion,,Blue,,,,,,Irrad.,,,,,,,,nan,
437,Nat.,Topaz,Blue,Round,,Blue,,,,,,Diffused,,,,,,,,nan,
438,,,,,,,,,,,,,,,,,,,,nan,
439,,,,,,,,,,,,,,,,,,,,nan,
440,Nat.,Corundum/Ruby,Ruby,MQ,,Red,,,,,,Heated,,,,,,,,nan,
441,Nat.,Crysoprase,Green,Round,,,,,,,,,,,,,,,,nan,
442,Nat.,Quartz,Citrine,Round,,Yellow,,,,,,,,,,,,,,nan,
443,,,,,,,,,,,,,,,,,,,,nan,
444,,,,,,,,,,,,,,,,,,,,nan,
445,Nat.,Opal,White,RdCab,,White,,,,,,,,,,,,,,nan,
446,Syn.,Opal,White,RdCab,,White,,,,,,,,,pair613,,,,,nan,
447,man-made,Glass,Colorless,Round,,Colorless,,,,,,loaded,,,,,,,,nan,
448,Syn.,Quartz,Yellow,Bead,,Yellow,,,,,,,,,,,,,,nan,
449,Syn. (FF),Corundum/Ruby,Ruby,Oval,,Red,,,,,,,,,,,,,,nan,
450,Chalcedony,Carnelion,,Button,,BrRd,,,,,,,,,,,,,,nan,
451,Syn. (HPHT),Diamond,,RBC,0.027,FIY,1b,,,,,HPHT,,,,,,,,nan,
452,Syn.(HPHT),Diamond,,RBC,0.031,FIY,1b,,,,,HPHT,,,,,,,,nan,
453,Nat.,Diamond TC,,RBC,0.147,"FY,TC",AB,VH,L,VH,,TC ,,,,,,,,nan,
454,Nat.,Diamond,,RBC,,FgnY,A+B+b,,,,,None,,,,,,,,nan,
455,Nat.,Diamond,,RBC,,FIY,A+B+b,,,,None,None,,,,,,,,nan,
456,Nat.,Diamond,,RBC,0.005,FIY,,,,,,TC(iradd),,,,,,,,nan,
457,Syn. (HPHT),Diamond,,RBC,0.03,FVY,1b,M,NONE,NONE,,,,,,,,,,nan,
458,Nat.,Quartz,Chalcedony/Carnelion,Free form,,BrOr,,,,,,,,,,,,,,nan,
459,Nat.,Tourmaline,Yellow,Oval,,Yellow,,,,,, ,,,Rafco,,,,,nan,
460,Nat.,Tourmaline,Yellow,Pear,,brY,,,,,,,,,,,,,,nan,
461,Nat.,Peridot,Green,Oval,,v lt Green,,,,,,,,,,,,,,nan,
462,Nat.,Tourmaline,Blue,Rectangle,,Dk. Blue,,,,,,,,,,,,,,nan,
463,Nat.,Diamond,,RBC,0.274,,AB,VH,H,NONE,,,,,,,,,,nan,
464,Nat.,Corundum/Ruby,Ruby,Cushion,,Red,,,,,,No Heat,Burma,,,,,,,nan,
465,Nat.,Corundum/Ruby,Ruby,Cushion,,Red,,,,,,No Heat,Burma,,,,,,,nan,
466,Nat.,Corundum,Ruby,Rough,,Red,,,,,,No Heat,Burma,,,,,,,nan,
467,Nat.,Corundum,,,,,,,,,,Heated,,,,,,,,nan,
468,Nat.,Tourmaline,Blie(indicilite),SQ ,,Blue,,,,,,,,,,,,,,nan,
469,Syn. (CVD),Diamond,,RBC,,,2A,,,,,,,,,,,,,nan,
470,Syn. (HPHT),Diamond,,RBC,,,,,,,,,,,,,,,,nan,
471,Nat.,Diamond,,RBC,0.318,,AB,VH,NONE,VH,,,,,,,,,,nan,
472,Nat.,Diamond,,RBC,0.305,,AB,VH,NONE,VH,,,,,,,,,,nan,
473,Nat.,Garnet,Color-Change,Round,,brOr-Pl,,,,,,,,,,,,,,nan,
474,Nat.,Quartz,Amythest,Round,,Pruple,,,,,,,,,,,,,,nan,
475,Nat.,Corundum,Ruby,Oval,,Red,,,,,,,Thai,,,,,,,nan,
476,Nat.,Beryl/Emerald,Emerald,Round,,Green,,,,,,,African,,,,,,,nan,
477,Man-made,Coral,Red,Ov.Cab,,Red,,,,,,,,,,,,,,nan,
478,Nat.,Opal,Blue-Green,RdCab,,Blue-Green,,,,,,,,,,,,,,nan,
479,Nat.,Tourmaline,Blue,SQCushion,,Blue ,,,,,,,,,,,,,,nan,
480,Nat,Pearl,White,Bead,,White,,,,,,None,,,Anadi,,,,,nan,
481,Nat.,Corundum,Purple Sapphire,Round,,Purple,,,,,,,,,pair 617,,,,,nan,
482,Nat.,Quartz,Amythest,Round,,Pruple,,,,,,,,,,,,,,nan,
483,Nat.,Corundum,Yellow Sapphire,Oval,,Yellow,,,,,,,,,,,,,,nan,
484,Syn. (HPHT),Diamond,,RBC,0.018,,2A + BORON,,,,,,,,,,,,,nan,
485,Nat.,Serpentine,Black,Bead,,Black,,,,,,Plastic Coated,,,,,,,,nan,
486,Culture,Pearl,Blue,Bead,,Bllue,,,,,,TC,,,,,,,,nan,
487,Man-made ,Glass,brOr,Rough,,,brOr,,,,,,,,,,,,,nan,
488,Nat.,Diamond,,RBC,,,B>>A,,,,,,,,,,,,,nan,
489,Nat.,Diamond,,RBC,,,B PURE,,,,,,,,,,,,,nan,
490,Nat.,Diamond,,RBC,0.019, ,2A, , , ,, ,,,,,,,,nan,
491,Nat.,Diamond,,RBC,0.017,,B PURE,L,M,NONE,,,,,,,,,,nan,
492,Nat.,Diamond,,RBC,0.212,,B>>A, , , ,NONE,,,,,,,,,nan,
493,Nat.,Diamond,,RBC,0.068,,B PURE,H,M,H,,,,,,,,,,nan,
494,Nat.,Diamond,,RBC,0.174,,A>>B,M,VL,VL,NONE,,,,,,,,,nan,
495,Nat.,Diamond,,RBC,0.022,,A=B,VL,NONE,NONE,,,,,,,,,,nan,
496,Nat.,Diamond,,RBC,0.021,,2A,,,,,,,,,,,,,nan,
497,Nat.,Diamond,,RBC,0.027,,2A,,,,,,,,,,,,,nan,
498,, ,,,,,,,,,,,,,,,,,,nan,
499,Nat.,Diamond,,RBC,0.021,,B>A,H,L,H,,,,,,,,,,nan,
500,Nat.,Diamond,,RBC,,Colorless,A>B,VH,,Low,,,,,,,,,,nan,
501,Nat.,Diamond,,RBC,,Colorless,A,Low,,,,,,,,,,,,nan,
502,Nat.,Diamond,,RBC,,,,,,,,,,,,,,,,nan,
503,Nat.,Diamond,,RBC,,,,,,,,,,,,,,,,nan,
504,Nat.,Diamond,,RBC,,,,,,,,,,,,,,,,nan,
505,Nat.,Nat. Diamond ,,RBC,,,,,,,,,,,,,,,,nan,
506,Nat.,Nat. Diamond ,,RBC,,,,,,,,,,,,,,,,nan,
507,Nat.,Nat. Diamond ,,RBC,,,,,,,,,,,,,,,,nan,
508,Nat.,Nat. Diamond ,,RBC,,,,,,,,,,,,,,,,nan,
509,Nat.,Nat. Diamond ,,RBC,,,,,,,,,,,,,,,,nan,
510,Nat.,Nat. Diamond ,,RBC,,,,,,,,,,,,,,,,nan,
511,Nat.,Nat. Diamond ,,RBC,,,,,,,,,,,,,,,,nan,
512,Nat.,Nat. Diamond ,,RBC,,,,,,,,,,,,,,,,nan,
513,Nat.,Nat. Diamond ,,RBC,,E,AB,VH,NONE,H,,,,,,,,,,nan,
514,Nat.,Nat. Diamond ,,RBC,,F,,,,,,,,,,,,,,nan,
515,Nat.,Nat. Diamond ,,PRN,,E,A=B,VH,NONE,H,,,,,,,,,,nan,
516,Nat.,Nat. Diamond ,,RBC,0.02,,,,,,,,,,,,,,,nan,
517,Nat.,Nat. Diamond ,,RBC,,E,AB,VH,M,NONE,,,,,,,,,,nan,
518,Nat.,Corundum,Ruby,Round,,Red,,,,,,,Mozam,,Gemfield,,,,,nan,
519,Nat.,Corundum,Ruby,Round,,Red,,,,,,,Mozam,,Gemfield,,,,,nan,
520,Syn. (FF),Corundum,Ruby,Round,,Red,,,,,,,,,greenwood,,,,,nan,
521,Syn. (FF),Corundum,Ruby,Round,,Red,,,,,,,,,greenwood,,,,,nan,
522,Syn. (FF),Corundum,Ruby,Round,,Red,,,,,,,,,greenwood,,,,,nan,
523,Syn. (FF),Corundum,Ruby,Round,,Red,,,,,,,,,greenwood,,,,,nan,
524,Syn. (FF),Corundum,Ruby,Round,,Red,,,,,,,,,greenwood,,,,,nan,
525,Syn. (FF),Corundum,Ruby,Round,,Red,,,,,,,,,greenwood,,,,,nan,
526,Syn. (FF),Corundum,Ruby,Round,,Red,,,,,,,,,greenwood,,,,,nan,
527,Syn. (FF),Corundum,Ruby,Round,,Red,,,,,,,,,greenwood,,,,,nan,
528,Nat.,Garnet,Rhodolite,Rough,,Purplish red, , , , , , ,,,,,,,,nan,
529,Nat.,Garnet,Rhodolite,Rough,,Purplish red,,,,,,,,,,,,,,nan,
530,Nat.,Garnet,Rhodolite,Rough,,Purplish red,,,,,,,,,,,,,,nan,
531,Syn.,Garnet,YAG,RBC,,Colorless,,,,,,,,,,,,,,nan,
532,Nat.,Jade/Nephrite,Green,Bead,,Green,,,,,,,,,pair 175,,,,,nan,
533,Nat.,Tourmaline,Green(Cr),Oval,,Green,,,,,,,,,,,,,,nan,
534,Nat.,Tourmaline,Green(Cr),Oval,,Green,,,,,,,,,,,,,,nan,
535,Nat.,Tourmaline ,Green(Cr),Round,,Green,,,,,,,,,,,,,,nan,
536,Nat.,Tourmaline,Green(Cr),Oval,,Green,,,,,,,,,,,,,,nan,
537,Nat.,Tourmaline,Bi-Color,Rectangle,,Red/Green,,,,,,,,,,,,,,nan,
538,Syn.,Beryl,Emerald,Oval,,Green,,,,,,,Gilson,,,,,,,nan,
539,Nat.,Beryl,Emerald,Round,,Green,,,,,,,African,,,,,,,nan,
540,Nat.,Beryl,Enerald,Reond,,Green,,,,,,,,,,,,,,nan,
541,Nat.,Topaz,Colorless,Bead,,Colorless,,,,,,,,,,,,,,nan,
542,Nat.,Topaz,Colorless,Bead,,Colorless,,,,,,,,,,,,,,nan,
543,Nat.,Topaz,Blue,Bead,,Blue,,,,,,,,,,,,,,nan,
544,Nat.,Quartz,Citrine,Round,,v. lt Yellow,,,,,,,,,,,,,,nan,
545,Nat.,Peridot,Green,Bead,,Green,,,,,,,,,,,,,,nan,
546,Nat.,Garnet,Spessartite,Bead,,Dk Orange,,,,,,,,,,,,,,nan,
547,Nat.,Garnet,Spessartite,Bead,,Dk Orange,,,,,,,,,,,,,,nan,
548,Nat.,Peridot,Green,Bead,,Green,,,,,,,,,,,,,,nan,
549,Nat.,Garnet,Spessartite,Bead,,Dk Orange,,,,,,,,,,,,,,nan,
550,Nat.,Quartz,Citrine,Round,,v. lt Yellow,,,,,,,,,,,,,,nan,
551,Nat.,Topaz,Colorless,Bead,,Colorless,,,,,,,,,,,,,,nan,
552,Nat.,Corundum,Ruby,Oval,,Red,,,,,,Heated,,,,,,,,nan,
553,Nat.,Corundum,Yellow Sapphire,Oval,,Yellow,,,,,,,Montana,,,,,,,nan,
554,Nat.,Corundum,Orange Sapphire,Oval,,Orange,,,,,,,Montana,,,,,,,nan,
555,Nat.,Corundum,Orange Sapphire,Oval,,pkOr,,,,,,,Montana,,,,,,,nan,
556,Nat.,Garnet,Tsavorite,Round,,Green,,,,,,oil,,,,,,,,nan,
557,Nat.,Topaz,Colorless,Bead,,Colorless,,,,,,,,,,,,,,nan,
558,Nat.,Topaz,Colorless,Bead,,Colorless,,,,,,,,,,,,,,nan,
559,Nat.,Diamond,,RBC,0.02,FVY,AB,VH,M,NONE,,NONE,,,,,,,,nan,
560,Nat.,Diamond,,RBC,0.01,FVY,,,,,,TREATED,,,,,,,,nan,
561,Syn.,Chrysoberyl,Alexandrite,Oval,,Red-Green,,,,,,,,,,,,,,nan,
562,Syn.,Chrysoberyl,Alexandrite,Oval,,Red-Green,,,,,,,Kyosera,,,,,,,nan,
563,Nat.,Beryl/Emerald,Emerald,Oval,,,,,,,,,,,,,,,,nan,
564,Nat.,Beryl/Emerald,Emerald,Frag.,,,,,,,,,,,,,,,,nan,
565,Nat.,Beryl/Emerald,Emerald,Round,,,,,,,,,,,,,,,,nan,
566,Nat.,Beryl/Emerald,Emerald,Marquie,,,,,,,,,,,,,,,,nan,
567,Nat.,Beryl/Emerald,Emerald,Oval,,,,,,,,,,,,,,,,nan,
568,Nat.,Beryl/Emerald,Emerald,Marquie,,Green,,,,,,, ,,,,,,,nan,
569,Nat.,Beryl/Emerald,Emerald,Round,,Green,,,,,,,,,,,,,,nan,
570,Syn. hpht,Diamond,,RBC,0.02,E,2A + BORON,,,,,,,,,HPHT,,,,nan,
571,Syn. hpht,Diamond,,RBC,0.02,E,2A  ,,,,,,,,,HPHT,,,,nan,
572,Nat.,Diamond,,RBC,,,1a,,,,,,,,Orange in DQS,,,,,nan,
573,Nat.,Diamond,,RBC,0.006,Colorless,2A/1B,,,,,,,,,,,,,nan,
574,Syn. hpht,Diamond,0.02,RBC,0.02,E,2A,,,,,,,,,HPHT,,,,nan,
575,Nat.,Corundum,Sapphire,Sq,,Blue,,,,,,,,,,,,,,nan,
576,Nat.,Corundum,Sapphire,Sq,,Blue,,,,,,,,,Mag.,,,,,nan,
577,Nat.,Corundum,Sapphire,Round,,Blue,,,,,,Heat,,,,,,,,nan,
578,Nat.,Corundum/Ruby,Ruby,Pear,,Red,,,,,,,,,,,,,,nan,
579,Nat.,Topaz,Blue,Marquise,,Blue,,,,,,Irrad,,,,,,,,nan,
580,Nat.,Tourmaline,Green,Triangle,,lt.Green,,,,,,,,,,,,,,nan,
581,Nat.,Tourmaline,Green,Triangle,,m.Green,,,,,,,,,,,,,,nan,
582,Syn.,Beryl/Emerald,Emerald,Round,,Green,,,,,,,Kimberly,,,,,,,nan,
583,Syn. hpht,Diamond,,RBC,0.02,FVY,1b,,,,,,,,,HPHT,,,,nan,
584,Syn. hpht,Diamond,,RBC,0.03,FVY,1b,,,,,,,,,HPHT,,,,nan,
585,Nat.,Diamond,,RBC,,,A?,,,,,,,,,,,,,nan,
586,Nat.,Diamond,,RBC,0.175,,A=B?,VH,NONE,H,,,,,,,,,,nan,
587,Nat.,Diamond,,RBC,0.191,,A>>B,L,VL,L,,,,,,,,,,nan,
588,Nat.,Diamond,,RBC,0.181,,A>>B,VH,NONE,M,,,,,,,,,,nan,
589,Nat.,Diamond,,RBC,0.203,,A>>B,VH,NONE,L,,,,,,,,,,nan,
590,Nat.,Corundum/Sapphire,Pink Sapphire,PEAR,,Pink,,,,,,,,,,,,,,nan,
591,Nat.,Corundum/Ruby,Ruby,PEAR,,Red,,,,,,,,,,,,,,nan,
592,Nat.,Corundum/Ruby,Ruby,PEAR,,Red,,,,,,,,,,,,,,nan,
593,,Diamond,,RBC,,Colorless,,,,,,,,,,,,,,nan,
594,,Diamond,,RBC,,Colorless,,,,,,,,,,,,,,nan,
595,Nat.,Corundum,Ruby,Round,,Red,,,,,,Heated,Kenya,Gia,,,,,,nan,
596,Nat. ,Peridot,v. lt green,Round,,v.lt.green,,,,,,,,,,,,,,nan,
597,Nat./Syn.,Quartz,colorless,Bead,,Colorless,,,,,,,,,,,,,,nan,
598,Nat. ,Corundum/Sapphire,Sapphire,Round,,Blue,,,,,,,,,,,,,,nan,
599,Nat.,Corundum/Orange Sapphire,Orange Sapphire,Oval,,Orange,,,,,,,,,,,,,,nan,
600,Nat.,Tourmaline,Pink ,Round,,Pink,,,,,,,,,,,,,,nan,
601,Syn.,Beryl/Emerald,Emerald,Emerald,,Green,,,,,,,Gilson,,pair 115,,,,,nan,
602,Syn.,Beryl/Emerald,Emerald,Oval,,Green,,,,,,,Gilson,,pair 113,,,,,nan,
603,Syn.,Beryl/Emerald,Emerald,Round,,Green,,,,,,,Kimberly,,pair 430,,,,,nan,
604,Syn.,Beryl/Emerald,Emerald,Round,,Green,,,,,,,Kimberly,,pair 430,,,,,nan,
605,Syn.,Beryl/Emerald,Emerald,Round,,Green,,,,,,,Kimberly,,pair 430,,,,,nan,
606,Syn.,Beryl/Emerald,Emerald,Round,,Green,,,,,,,Kimberly,,pair 430,,,,,nan,
607,Syn (FF),Corundum/Ruby,Ruby,Triangle,,Red,,,,,,,,,pair 81, ,,,,nan,
608,Nat.,Spinel,Black,Round,,Black,,,,,,,,,pair 74,,,,,nan,
609,Nat.,Opal,Blue-Green,RdCab,,Blue-Green,,,,,,,,,,,,,,nan,
610,Man-made,Garnet/Glass(Doublet),Green,Round,,Green,,,,,,Doublet,,,,,,,,nan,
611,Man-made,Garnet/Glass(Doublet),Green,Round,,Green,,,,,,Doublet,,,,,,,,nan,
612,Man-made,Garnet/Glass(Doublet),Green,Round,,Green,,,,,,Doublet,,,,,,,,nan,
613,Syn.,Opal,White,RdCab,,White,,,,,,,,,pair446,,,,,nan,
614,Nat.,Corundum,Brownish Orange Sapphire,Oval,,brOr,,,,,,,,,pair 92,,,,,nan,
615,Nat.,Corundum,Brownish Orange Sapphire,Oval,,brOr,,,,,,,,,pair 92,,,,,nan,
616,Nat.,Corundum,Brownish Orange Sapphire,Oval,,brOr,,,,,,,,,pair 92,,,,,nan,
617,Nat.,Corundum,Purple Sapphire,Round,,Purple,,,,,,,,,pair 617,,,,,nan,
618,Nat.,Quartzite,Green,Cab.,,Green,,,,,,Dyed,,,pair 166,,,,,nan,
619,Nat.,Kyanite,Blue,OvCab,,Blue,,,,,,,,,pair 156,,,,,nan,
620,Nat.,Kyanite,Blue,Bead,,Blue,,,,,,Stabilized,,,pair 157,,,,,nan,
621,Nat.,Labradorite,Colorless,Bead,,Colorless,,,,,,,,,pair 168,,,,,nan,
622,Nat.,Apatite,Blue,Bead, ,Blue,,,,,,,,,pair 161,,,,,nan,
623,Culture,Pearl,Golden,Bead,,Golden,,,,,,None,South Sea,Gia2205519545,,,,,,nan,
624,Culture,Pearl,Golden,Bead,,Golden,,,,,,None,South Sea,,,,,,,nan,
625,Culture,Pearl,Golden,Bead,,Golden,,,,,,None,South Sea,,,,,,,nan,
626,Culture,Pearl,Grey,Bead,,Grey,,,,,,None, ,Gia2205519545,,,,,,nan,
627,Culture,Pearl,White,Bead,,White,,,,,,None, ,Gia2205519545,,,,,,nan,
628,Culture,Pearl,Black,Bead,,Black,,,,,,TC, ,Gia2205519545,,,,,,nan,
629,Culture,Pearl,Black,Bead,,Black,,,,,,TC, ,Gia2205519545,,,,,,nan,
630,Culture,Pearl,Green,Bead,,Green,,,,,,TC, ,Gia2205519545,,,,,,nan,
631,Culture,Pearl,Green,Bead,,Green,,,,,,TC, ,Gia2205519545,,,,,,nan,
632,,,,,,,,,,,,,,,,,,,,nan,
633,,,,,,,,,,,,,,,,,,,,nan,
634,,,,,,,,,,,,,,,,,,,,nan,
635,,,,,,,,,,,,,,,,,,,,nan,
636,,,,,,,,,,,,,,,,,,,,nan,
637,,,,,,,,,,,,,,,,,,,,nan,
638,,,,,,,,,,,,,,,,,,,,nan,
639,,,,,,,,,,,,,,,,,,,,nan,
640,,,,,,,,,,,,,,,,,,,,nan,
641,,,,,,,,,,,,,,,,,,,,nan,
642,,,,,,,,,,,,,,,,,,,,nan,
643,,,,,,,,,,,,,,,,,,,,nan,
644,,,,,,,,,,,,,,,,,,,,nan,
645,,,,,,,,,,,,,,,,,,,,nan,
646,,,,,,,,,,,,,,,,,,,,nan,
647,,,,,,,,,,,,,,,,,,,,nan,
648,,,,,,,,,,,,,,,,,,,,nan,
649,,,,,,,,,,,,,,,,,,,,nan,
650,,,,,,,,,,,,,,,,,,,,,
C0000,Syn. (CVD),Diamond,,,,IY,2a,,,,,,,638470137,IGI,,,,,,
C0001,Syn. (CVD),Diamond,,,,IY,2a,,,,,,,638470141,IGI,,,,,,
C0002,Syn. (CVD),Diamond,,,,IY,2a,,,,,,,638470145,IGI,,,,,,
C0003,Syn. (CVD),Diamond,,,,IY,2a,,,,,,,638470146,IGI,,,,,,
C0004,Syn. (CVD),Diamond,,,,IY,2a,,,,,,,638470150,IGI,,,,,,
C0005,Syn. (CVD),Diamond,,,,IY,2a,,,,,,,638470154,IGI,,,,,,
C0006,Syn. (CVD),Diamond,,,,IY,2a,,,,,,,638470155,IGI,,,,,,
C0007,Syn. (CVD),Diamond,,,,IY,2a,,,,,,,638470156,IGI,,,,,,
C0008,, , , , , , ,,,,,,, , ,,,,,nan,
C0009,,,,,,, ,,,,,,,,,,,,,,
C0010,Nat.,Diamond,,RBC,0.562,"FIGnY,TC",A>B,H,VL,H,STG Y,Irrad/Heat, ,,PhilipTC500,,,,,nan,
C0011,Nat.,Diamond,,HRT,0.671,"FyGn,TC",AB,VH,VH,NONE,FT.,Irrad ,,,PhilipTC501,,,,,nan,
C0012,Nat.,Diamond,,PEAR,1.01,"FDpgnY,TC",AB,VH,H,NONE,MY,Irrad/Heat/Anel,,,PhilipTC502,,,,,nan,
C0013,Nat.,Diamond,,CUSH,0.743,"FDpgnY,TC",A=B,MH,NONE,M,STG Y,Irrad/Heat,,,PhilipTC503,,,,,nan,
C0014,Nat.,Diamond,,,,FyGn,A+B,,,,SB,,UNDETERMINED,,90074,,,,,nan,
C0015,Nat.,Diamond,,REC.CUSH,0.706,"FltYGn,TC",B>>A,L,NONE,?,STG WT,Heat,,,PhilipTC505,,,,,nan,
C0016,Nat.,Diamond,,SQ. CUSH,0.624,"FDpgnY,TC",A=B,H,VVL,?,MY,Irrad/Heat,,,PhilipTC506,,,,,nan,
C0017,Nat.,Diamond,,PEAR,0.551,"FDpbrY,TC",A>B,VL,NONE,,STG Y,Irrad/Heat/Anel,,,PhilipTC507,,,,,nan,
C0018,Nat.,Diamond,,RBC,0.316,"FIyGn,TC",A=B,H,L,,STG B,Irrad/Heat/Anel,,,PhilipTC508,,,,,nan,
C0019,Nat.,Diamond,,PEAR,0.32,"FDpgnY,TC",AB,H,VL,,STG Y,Irrad/Heat/Anel,,,PhilipTC509,,,,,nan,
C0020,Nat.,Diamond,,RBC,0.307,"FIYGn,TC",A=B,H,VVL,,STG B,Irrad/Heat/Anel,,,PhilipTC510,,,,,nan,
C0021,Nat.,Diamond,,SQ,0.246,"FDpbrY,TC",B>>A,L,VVL,NONE,MB,HPHT,,,PhilipTC511,,,,,nan,
C0022,Nat.,Diamond,,PEAR,0.372,"FDpBrY,TC",A+1b,VL,NONE,NONE,NONE,HPHT,,,PhilipTC512,,,,,nan,
C0023,,,,,,,,,,,,,,,,,,,,,
C0024,,,,,,,,,,,,,,,,,,,,nan,
C0025,,,,,,,,,,,,,,,,,,,,nan,
C0026,Nat.,Diamond,,RBC,0.382,"FDGnY,TC",B>>A,VH,NONE,NONE,STG B,HPHT,,,PhilipTC516,,,,,nan,
C0027,Nat.,Diamond,,RBC,0.344,"FDpBrY,TC",B>A,H,VL,NONE,MB,HPHT,,,PhilipTC517,,,,,nan,
C0028,Nat.,Diamond,,RBC,0.316,"FDpGnY,TC",A=B,H,VL,L,MB,HPHT,,,PhilipTC518,,,,,nan,
C0029,Nat.,Diamond,,RBC,0.374,"FDpbrY,TC",B>>A,VH,VL,VL,MB,HPHT,,,PhilipTC519,,,,,nan,
C0030,Nat.,Diamond,,RBC,0.38,"FDpbrY,TC",B>A,H,VL,L,STG B,HPHT,,,PhilipTC520,,,,,nan,
C0031,Nat.,Diamond,,RBC,0.545,"FDpbrY,TC",A>B,M ,NONE,NONE,FT.,HPHT,,,PhilipTC521,,,,,nan,
C0032,Nat.,Diamond,,RBC,0.715,"FDpbrY,TC",B>A,H,VL,?,FT.,HPHT,,,PhilipTC522,,,,,nan,
C0033,Nat.,Diamond,,RBC,0.401,"FDpbrY,TC",A=B,VH,L,?,FT.,HPHT,,,PhilipTC523,,,,,nan,
C0034,Nat.,Diamond,,RBC,0.344,"""FIGnY"",TC",A,M,NONE,NONE,FT.,TC,,,PhilipTC569,,,,,nan,
C0035,Nat.,Diamond,,RBC,0.344,"""FIGnY"",TC",B>A,M,VL,NONE,MB,TC,,,PhilipTC570,,,,,nan,
C0036,Nat.,Diamond,,RBC,0.381,"""FIGnY"",TC",A=B,M,VL,VL,MB,TC,,,PhilipTC571,,,,,nan,
C0037,Nat.,Diamond,,RBC,0.312,"""FIGnY"",TC",A>B,H,VL,VL,FT.,TC,,,PhilipTC572,,,,,nan,
C0038,Nat.,Beryl/Emerald,Emerald,SQSTP,5+,GREEN,,,,,,,ETHIOPIA,67483511,90073,, , , ,  ,
C0039,Nat.,Diamond,,,,FyGn,A+B,,,,SB,UNK,,67481008,90074,,,,,nan,
C0040,Nat.,Diamond,,,,FltGn,AB,,,,SWT,UND,,67481011,90075,,,,,nan,
C0041,Nat.,Diamond,,,,FgnY,AB,,,,FT.,UND,,67481007,90076,,,,,nan,
C0042,Nat.,Diamond, ,Pear,,FY,,,,,,UND,,67480973,90077,,,,,nan,
C0043,Nat.,Diamond,,RBC,,"FY,TC",,,,,,TC,,,PhilipTCsub1 ,,,,,,
C0044,Nat.,Diamond,,RBC,,"FY,TC",,,,,,TC,,,PhilipTCsub2,,,,,,
C0045,Nat.,Diamond,,RBC,,"FY,TC",, ,,,,TC,,,PhilipTCsub3,,,,,,
C0046,,,,,,,,,,,,,,,,,,,,,
C0047,,,,,,,,,,,,,,,,,,,,,
C0048,,,,,,,,,,,,,,,,,,,,,
C0049,,,,,,,,,,,,,,,,,,,,,
C0050,,,,,,,,,,,,,,,,,,,,,
C0051,,,,,,,,,,,,,,,,,,,,,
C0052,,,,,,,,,,,,,,,,,,,,,
C0053,,,,,,,,,,,,,,,,,,,,,
C0054,,,,,,,,,,,,,,,,,,,,,
C0055,,,,,,,,,,,,,,,,,,,,,
C0056,,,,,,,,,,,,,,,,,,,,,
C0057,,,,,,,,,,,,,,,,,,,,,
C0058,,,,,,,,,,,,,,,,,,,,,
C0059,,,,,,,,,,,,,,,,,,,,,
C0060,,,,,,,,,,,,,,,,,,,,,
C0061,,,,,,,,,,,,,,,,,,,,,
C0062,,,,,,,,,,,,,,,,,,,,,
C0063,,,,,,,,,,,,,,,,,,,,,
C0064,,,,,,,,,,,,,,,,,,,,,
C0065,,,,,,,,,,,,,,,,,,,,,
C0066,,,,,,,,,,,,,,,,,,,,,
C0067,,,,,,,,,,,,,,,,,,,,,
C0068,,,,,,,,,,,,,,,,,,,,,
C0069,,,,,,,,,,,,,,,,,,,,,
C0070,,,,,,,,,,,,,,,,,,,,,
C0071,,,,,,,,,,,,,,,,,,,,,
C0072,,,,,,,,,,,,,,,,,,,,,
C0073,,,,,,,,,,,,,,,,,,,,,
C0074,,,,,,,,,,,,,,,,,,,,,
C0075,,,,,,,,,,,,,,,,,,,,,
C0076,,,,,,,,,,,,,,,,,,,,,
C0077,,,,,,,,,,,,,,,,,,,,,
C0078,,,,,,,,,,,,,,,,,,,,,
C0079,,,,,,,,,,,,,,,,,,,,,
C0080,,,,,,,,,,,,,,,,,,,,,
C0081,,,,,,,,,,,,,,,,,,,,,
C0082,,,,,,,,,,,,,,,,,,,,,
C0083,,,,,,,,,,,,,,,,,,,,,
C0084,,,,,,,,,,,,,,,,,,,,,
C0085,,,,,,,,,,,,,,,,,,,,,
